Date,Open,High,Low,Close,Volume,Ex-Dividend,Split Ratio,Adj. Open,Adj. High,Adj. Low,Adj. Close,Adj. Volume
04-01-2016,54.32,54.8,53.39,54.8,53777963,0,1,51.72453271,52.1815978,50.8389691,52.1815978,53777963
05-01-2016,54.93,55.39,54.54,55.05,34079674,0,1,52.30538626,52.74340697,51.93402088,52.41965253,34079674
06-01-2016,54.32,54.4001,53.64,54.05,39518863,0,1,51.72453271,51.80080545,51.07702383,51.4674336,39518863
07-01-2016,52.7,53.485,52.07,52.17,56564852,0,1,50.18193803,50.9294299,49.5820401,49.67726199,56564852
08-01-2016,52.37,53.28,52.15,52.33,48753969,0,1,49.86770578,50.73422501,49.65821761,49.82961702,48753969
11-01-2016,52.51,52.85,51.46,52.3,36943756,0,1,50.00101643,50.32477087,49.00118655,49.80105045,36943756
12-01-2016,52.76,53.1,52.06,52.78,36095539,0,1,50.23907117,50.5628256,49.57251791,50.25811554,36095539
13-01-2016,53.8,54.07,51.3038,51.64,66883571,0,1,51.22937886,51.48647797,48.85244995,49.17258596,66883571
14-01-2016,52,53.4163,51.57,53.11,52381918,0,1,49.51538477,50.86401245,49.10593063,50.57234779,52381918
15-01-2016,51.31,51.97,50.34,50.99,71820697,0,1,48.85835371,49.4868182,47.93470134,48.55364365,71820697
19-01-2016,51.48,51.68,50.06,50.56,43564538,0,1,49.02023093,49.21067471,47.66808003,48.1441895,43564538
20-01-2016,49.98,51.38,49.1,50.79,63272993,0,1,47.59190252,48.92500903,46.75394985,48.36319986,63272993
21-01-2016,51,51.58,50.3,50.48,40191157,0,1,48.56316583,49.11545282,47.89661258,48.06801199,40191157
22-01-2016,51.41,52.33,51.26,52.29,37555789,0,1,48.9535756,49.82961702,48.81074276,49.79152826,37555789
25-01-2016,51.94,52.65,51.65,51.79,34707717,0,1,49.45825164,50.13432708,49.18210814,49.3154188,34707717
26-01-2016,51.79,52.44,51.55,52.17,28900820,0,1,49.3154188,49.93436111,49.08688625,49.67726199,28900820
27-01-2016,52.01,52.2,51.0201,51.22,36775194,0,1,49.52490696,49.70582856,48.58230544,48.772654,36775194
28-01-2016,51.86,52.21,51.25,52.055,62513789,0,1,49.38207412,49.71535075,48.80122057,49.56775681,62513789
29-01-2016,54.73,55.09,54,55.09,83611686,0,1,52.11494247,52.45774129,51.41982265,52.45774129,83611686
01-02-2016,54.88,55.09,54.495,54.71,44208542,0,1,52.25777531,52.45774129,51.89117102,52.09589809,44208542
02-02-2016,54.17,54.26,52.65,53,56313753,0,1,51.58169987,51.66739957,50.13432708,50.46760371,56313753
03-02-2016,53.25,53.39,51.26,52.16,57559814,0,1,50.70565845,50.8389691,48.81074276,49.6677398,57559814
04-02-2016,52.1,52.81,51.37,52,46987123,0,1,49.61060667,50.28668211,48.91548684,49.51538477,46987123
05-02-2016,51.94,52,49.56,50.16,62008994,0,1,49.45825164,49.51538477,47.19197056,47.76330193,62008994
08-02-2016,49.55,49.57,48.19,49.41,59290497,0,1,47.18244837,47.20149275,45.88743062,47.04913772,59290497
09-02-2016,49.02,50.24,48.67,49.28,46740474,0,1,46.67777234,47.83947944,46.34449571,46.92534926,46740474
10-02-2016,49.89,50.39,49.52,49.71,38236954,0,1,47.50620281,47.98231228,47.15388181,47.3348034,38236954
11-02-2016,48.68,50.11,48.51,49.69,48878571,0,1,46.3540179,47.71569098,46.19214068,47.31575903,48878571
12-02-2016,50.25,50.68,49.75,50.5,34243324,0,1,47.84900163,48.25845577,47.37289216,48.08705637,34243324
16-02-2016,50.9,51.09,50.13,51.09,37291208,0.36,1,48.80946791,48.99166436,48.07109286,48.99166436,37291208
17-02-2016,51.49,52.77,51.45,52.42,40788968,0,1,49.37523581,50.60266448,49.33687867,50.26703945,40788968
18-02-2016,52.33,52.95,52.1,52.19,27176035,0,1,50.18073587,50.77527163,49.96018229,50.04648586,27176035
19-02-2016,51.97,52.28,51.53,51.82,33559073,0,1,49.83552156,50.13278944,49.41359296,49.69168227,33559073
22-02-2016,52.28,53,52.28,52.65,25008291,0,1,50.13278944,50.82321806,50.13278944,50.48759304,25008291
23-02-2016,52.34,52.37,50.98,51.18,28895274,0,1,50.19032516,50.21909302,48.88618221,49.07796793,28895274
24-02-2016,50.69,51.5,50.2,51.36,33014457,0,1,48.6080929,49.3848251,48.13821786,49.25057509,33014457
25-02-2016,51.73,52.1,50.61,52.1,26939467,0,1,49.60537869,49.96018229,48.53137861,49.96018229,26939467
26-02-2016,52.6,52.68,51.1,51.3,35975925,0,1,50.43964661,50.5163609,49.00125364,49.19303937,35975925
29-02-2016,51.35,51.65,50.66,50.88,31654036,0,1,49.2409858,49.5286644,48.57932504,48.79028934,31654036
01-03-2016,50.97,52.59,50.9199,52.58,33024535,0,1,48.87659292,50.43005732,48.82855059,50.42046803,33024535
02-03-2016,52.41,52.96,52.155,52.95,29289884,0,1,50.25745017,50.78486092,50.01292336,50.77527163,29289884
03-03-2016,52.97,52.97,51.78,52.35,24427813,0,1,50.79445021,50.79445021,49.65332512,50.19991445,24427813
04-03-2016,52.4,52.45,51.71,52.03,33034150,0,1,50.24786088,50.29580731,49.58620012,49.89305728,33034150
07-03-2016,51.56,51.8,50.58,51.03,38428816,0,1,49.44236082,49.67250369,48.50261075,48.93412864,38428816
08-03-2016,50.8,52.13,50.595,51.65,33075517,0,1,48.71357505,49.98895015,48.51699468,49.5286644,33075517
09-03-2016,51.89,52.85,51.855,52.84,28251588,0,1,49.75880727,50.67937877,49.72524477,50.66978948,28251588
10-03-2016,52.93,52.94,51.16,52.05,38387804,0,1,50.75609306,50.76568235,49.05878936,49.91223585,38387804
11-03-2016,53,53.07,52.38,53.07,32275677,0,1,50.82321806,50.89034307,50.22868231,50.89034307,32275677
14-03-2016,52.71,53.59,52.63,53.17,24083616,0,1,50.54512876,51.38898596,50.46841447,50.98623593,24083616
15-03-2016,52.75,53.59,52.74,53.59,21104763,0,1,50.5834859,51.38898596,50.57389662,51.38898596,21104763
16-03-2016,53.45,54.6,53.4,54.35,31691742,0,1,51.25473595,52.35750389,51.20678952,52.11777173,31691742
17-03-2016,54.21,55,54,54.66,28223947,0,1,51.98352172,52.74107535,51.78214671,52.41503961,28223947
18-03-2016,54.92,54.97,53.445,53.49,67625518,0,1,52.66436106,52.71230749,51.24994131,51.2930931,67625518
21-03-2016,53.25,53.9298,52.93,53.86,23925716,0,1,51.06295023,51.71482992,50.75609306,51.6478967,23925716
22-03-2016,53.61,54.25,53.46,54.07,23124143,0,1,51.40816454,52.02187887,51.26432524,51.84927171,23124143
23-03-2016,54.11,54.24,53.74,53.97,20129015,0,1,51.88762886,52.01228958,51.53282526,51.75337885,20129015
24-03-2016,53.84,54.33,53.73,54.21,19949972,0,1,51.62871812,52.09859316,51.52323597,51.98352172,19949972
28-03-2016,54.21,54.29,53.33,53.54,17025050,0,1,51.98352172,52.06023601,51.13966452,51.34103953,17025050
29-03-2016,53.66,54.86,53.45,54.71,23924329,0,1,51.45611097,52.60682534,51.25473595,52.46298604,23924329
30-03-2016,54.93,55.64,54.9,55.05,23008260,0,1,52.67395034,53.35478968,52.64518249,52.78902178,23008260
31-03-2016,54.95,55.59,54.86,55.23,26360495,0,1,52.69312892,53.30684325,52.60682534,52.96162894,26360495
01-04-2016,55.05,55.61,54.57,55.57,24399193,0,1,52.78902178,53.32602182,52.32873603,53.28766468,24399193
04-04-2016,55.43,55.66,55,55.43,18928810,0,1,53.15341467,53.37396825,52.74107535,53.15341467,18928810
05-04-2016,55.19,55.3,54.46,54.56,19272255,0,1,52.92327179,53.02875394,52.22325388,52.31914675,19272255
06-04-2016,54.36,55.2,54.21,55.12,21188682,0,1,52.12736102,52.93286108,51.98352172,52.85614679,21188682
07-04-2016,54.87,54.91,54.23,54.46,19225092,0,1,52.61641463,52.65477177,52.0027003,52.22325388,19225092
08-04-2016,54.67,55.28,54.32,54.42,22167223,0,1,52.4246289,53.00957537,52.08900387,52.18489674,22167223
11-04-2016,54.49,55.15,54.3,54.31,21414227,0,1,52.25202174,52.88491465,52.0698253,52.07941459,21414227
12-04-2016,54.37,54.78,53.76,54.65,24944288,0,1,52.13695031,52.53011105,51.55200383,52.40545033,24944288
13-04-2016,55.12,55.4375,54.89,55.35,20817961,0,1,52.85614679,53.16060663,52.6355932,53.07670037,20817961
14-04-2016,55.22,55.575,55.07,55.36,20877108,0,1,52.95203965,53.29245932,52.80820035,53.08628966,20877108
15-04-2016,55.3,55.92,55.11,55.65,28793753,0,1,53.02875394,53.6232897,52.8465575,53.36437897,28793753
18-04-2016,55.49,56.59,55.21,56.46,23785950,0,1,53.21095038,54.26577189,52.94245036,54.14111117,23785950
19-04-2016,56.63,56.77,55.68,56.39,29596827,0,1,54.30412904,54.43837905,53.39314683,54.07398616,29596827
20-04-2016,56.29,56.5,55.485,55.59,36195714,0,1,53.9780933,54.17946831,53.20615574,53.30684325,36195714
21-04-2016,55.8,56.23,55.415,55.78,38909096,0,1,53.50821826,53.92055758,53.13903074,53.48903969,38909096
22-04-2016,51.91,52.4297,50.77,51.78,126834091,0,1,49.77798584,50.27634106,48.68480719,49.65332512,126834091
25-04-2016,51.78,52.13,51.63,52.11,33226948,0,1,49.65332512,49.98895015,49.50948582,49.96977157,33226948
26-04-2016,52.26,52.35,51.09,51.44,33532636,0,1,50.11361087,50.19991445,48.99166436,49.32728938,33532636
27-04-2016,51.48,51.5,50.55,50.94,43369256,0,1,49.36564653,49.3848251,48.47384289,48.84782506,43369256
28-04-2016,50.62,50.77,49.56,49.9,43134846,0,1,48.54096789,48.68480719,47.52450353,47.85053927,43134846
29-04-2016,49.35,50.25,49.35,49.87,48411684,0,1,47.32312852,48.1861643,47.32312852,47.82177141,48411684
02-05-2016,50,50.75,49.7799,50.61,33114539,0,1,47.94643214,48.66562862,47.73537194,48.53137861,33114539
03-05-2016,50.34,50.41,49.6,49.78,26460244,0,1,48.27246787,48.33959288,47.56286068,47.73546783,26460244
04-05-2016,49.84,50.06,49.46,49.87,24257556,0,1,47.79300355,48.00396785,47.42861067,47.82177141,24257556
05-05-2016,49.87,50.3,49.73,49.94,25390718,0,1,47.82177141,48.23411073,47.6875214,47.88889642,25390718
06-05-2016,49.92,50.39,49.66,50.39,24787301,0,1,47.86971784,48.32041431,47.6203964,48.32041431,24787301
09-05-2016,50.49,50.585,50,50.07,17951598,0,1,48.41630717,48.50740539,47.94643214,48.01355714,17951598
10-05-2016,50.33,51.1,50.19,51.02,22890966,0,1,48.26287859,49.00125364,48.12862858,48.92453935,22890966
11-05-2016,51.13,51.78,51,51.05,24039140,0,1,49.0300215,49.65332512,48.90536078,48.95330721,24039140
12-05-2016,51.2,51.81,50.92,51.51,24102781,0,1,49.09714651,49.68209298,48.82864649,49.39441439,24102781
13-05-2016,51.44,51.895,51.04,51.08,22592342,0,1,49.32728938,49.76360191,48.94371792,48.98207507,22592342
16-05-2016,50.8,51.96,50.75,51.83,20032017,0,1,48.71357505,49.82593228,48.66562862,49.70127155,20032017
17-05-2016,51.72,51.73,50.36,50.51,27803514,0.36,1,49.94927355,49.95893118,48.63583557,48.78070006,27803514
18-05-2016,50.48,51.14,50.3,50.81,24907532,0,1,48.75172716,49.38913088,48.57788978,49.07042902,24907532
19-05-2016,50.47,50.62,49.82,50.32,23842358,0,1,48.74206953,48.88693401,48.11432344,48.59720504,23842358
20-05-2016,50.48,51.22,50.4,50.62,23905769,0,1,48.75172716,49.46639194,48.6744661,48.88693401,23905769
23-05-2016,50.6,50.68,49.98,50.03,26118720,0,1,48.86761874,48.9448798,48.26884555,48.31713371,26118720
24-05-2016,50.7,51.71,50.4,51.59,34757944,0,1,48.96419507,49.93961592,48.6744661,49.82372433,34757944
25-05-2016,51.92,52.49,51.79,52.12,24204566,0,1,50.14242619,50.69291122,50.01687697,50.33557883,24204566
26-05-2016,51.93,51.9793,51.36,51.89,24335223,0,1,50.15208382,50.19969595,49.60159879,50.11345329,24335223
27-05-2016,51.92,52.32,51.77,52.32,17721438,0,1,50.14242619,50.52873148,49.99756171,50.52873148,17721438
31-05-2016,52.26,53,52.08,53,37653081,0,1,50.47078568,51.18545046,50.29694831,51.18545046,37653081
01-06-2016,52.44,52.95,52.44,52.85,25324828,0,1,50.64462306,51.1371623,50.64462306,51.04058598,25324828
02-06-2016,52.64,52.74,51.835,52.48,22840779,0,1,50.83777571,50.93435203,50.06033632,50.68325359,22840779
03-06-2016,52.38,52.42,51.6,51.79,23368291,0,1,50.58667727,50.6253078,49.83338196,50.01687697,23368291
06-06-2016,51.99,52.35,51.89,52.13,18243271,0,1,50.21002962,50.55770437,50.11345329,50.34523647,18243271
07-06-2016,52.24,52.73,52.1,52.1,20866770,0,1,50.45147042,50.9246944,50.31626357,50.31626357,20866770
08-06-2016,52.02,52.44,51.87,52.04,21149438,0,1,50.23900251,50.64462306,50.09413803,50.25831778,21149438
09-06-2016,52,52,51.49,51.62,20305664,0,1,50.21968725,50.21968725,49.72714801,49.85269723,20305664
10-06-2016,51.05,52.05,51.04,51.48,25833151,0,1,49.30221219,50.26797541,49.29255456,49.71749038,25833151
13-06-2016,49.58,50.715,49.06,50.14,83217844,0,1,47.88254026,48.97868151,47.38034339,48.42336767,83217844
14-06-2016,49.9,50.1,49.57,49.83,42577106,0,1,48.19158449,48.38473714,47.87288263,48.12398107,42577106
15-06-2016,49.78,50.12,49.69,49.69,33757639,0,1,48.07569291,48.4040524,47.98877422,47.98877422,33757639
16-06-2016,49.52,50.47,49.5068,50.39,31188605,0,1,47.82459447,48.74206953,47.8118464,48.66480847,31188605
17-06-2016,50.41,50.43,49.82,50.13,45710516,0,1,48.68412373,48.703439,48.11432344,48.41371003,45710516
20-06-2016,50.64,50.83,50.03,50.07,35607946,0,1,48.90624927,49.08974428,48.31713371,48.35576424,35607946
21-06-2016,50.2,51.43,50.16,51.19,34097825,0,1,48.48131346,49.66920221,48.44268293,49.43741904,34097825
22-06-2016,51.08,51.46,50.9525,50.99,28816848,0,1,49.33118509,49.69817511,49.20805028,49.2442664,28816848
23-06-2016,51.28,52.06,51.15,51.91,29028833,0,1,49.52433773,50.27763304,49.39878851,50.13276856,29028833
24-06-2016,49.81,50.94,49.52,49.83,133502985,0,1,48.1046658,49.19597824,47.82459447,48.12398107,133502985
27-06-2016,49.1,49.1466,48.035,48.43,50576699,0,1,47.41897392,47.46397849,46.3904361,46.77191257,50576699
28-06-2016,48.92,49.47,48.67,49.44,38140658,0,1,47.24513654,47.77630631,47.00369574,47.74733341,38140658
29-06-2016,49.91,50.72,49.8,50.54,31304021,0,1,48.20124213,48.98351033,48.09500817,48.80967295,31304021
30-06-2016,50.72,51.3,50.5,51.17,28527781,0,1,48.98351033,49.543653,48.77104242,49.41810378,28527781
01-07-2016,51.13,51.72,51.07,51.16,21400392,0,1,49.37947325,49.94927355,49.32152746,49.40844615,21400392
05-07-2016,50.83,51.28,50.74,51.17,24806351,0,1,49.08974428,49.52433773,49.0028256,49.41810378,24806351
06-07-2016,50.78,51.54,50.39,51.38,28167461,0,1,49.04145612,49.77543617,48.66480847,49.62091405,28167461
07-07-2016,51.42,51.61,51.07,51.38,19585194,0,1,49.65954458,49.84303959,49.32152746,49.62091405,19585194
08-07-2016,51.73,52.36,51.55,52.3,28391026,0,1,49.95893118,50.56736201,49.7850938,50.50941621,28391026
11-07-2016,52.5,52.83,52.47,52.59,22269203,0,1,50.70256886,51.02127072,50.67359596,50.78948755,22269203
12-07-2016,52.94,53.4,52.785,53.21,27317555,0,1,51.12750467,51.57175575,50.97781137,51.38826074,27317555
13-07-2016,53.56,53.86,53.18,53.51,25356841,0,1,51.72627787,52.01600683,51.35928784,51.6779897,25356841
14-07-2016,53.84,53.99,53.58,53.74,24545520,0,1,51.99669157,52.14155605,51.74559313,51.90011524,24545520
15-07-2016,53.95,54,53.21,53.7,32024385,0,1,52.10292552,52.15121368,51.38826074,51.86148472,32024385
18-07-2016,53.7,54.34,53.55,53.96,31433864,0,1,51.86148472,52.47957317,51.71662023,52.11258315,31433864
19-07-2016,53.71,53.9,52.93,53.09,53336533,0,1,51.87114235,52.05463736,51.11784704,51.27236915,53336533
20-07-2016,56.15,56.84,55.53,55.91,89893301,0,1,54.2276046,54.89398121,53.6288314,53.99582142,89893301
21-07-2016,55.98,56.23,55.76,55.8,32776653,0,1,54.06342485,54.30486565,53.85095694,53.88958747,32776653
22-07-2016,56.08,56.6275,55.78,56.57,32157167,0,1,54.16000117,54.68875653,53.87027221,54.63322515,32157167
25-07-2016,56.47,56.74,56.255,56.73,25610587,0,1,54.53664882,54.79740489,54.32900973,54.78774726,25610587
26-07-2016,56.52,57.29,56.51,56.76,28078995,0,1,54.58493699,55.32857466,54.57527935,54.81672016,28078995
27-07-2016,56.61,56.8,56.11,56.19,32327477,0,1,54.67185567,54.85535069,54.18897407,54.26623512,32327477
28-07-2016,56,56.37,55.72,56.21,37550411,0,1,54.08274011,54.4400725,53.81232641,54.28555039,37550411
29-07-2016,56.26,56.76,56.05,56.68,30558718,0,1,54.33383855,54.81672016,54.13102827,54.7394591,30558718
01-08-2016,56.6,56.75,56.14,56.58,26003419,0,1,54.66219804,54.80706253,54.21794696,54.64288278,26003419
02-08-2016,56.85,56.9,56.31,56.58,35121958,0,1,54.90363885,54.95192701,54.38212671,54.64288278,35121958
03-08-2016,56.68,57.11,56.49,56.97,22075616,0,1,54.7394591,55.15473728,54.55596409,55.01953043,22075616
04-08-2016,56.8,57.5193,56.67,57.39,26587749,0,1,54.85535069,55.55002417,54.72980147,55.42515098,26587749
05-08-2016,57.65,58.21,57.45,57.96,29335221,0,1,55.67624942,56.21707682,55.48309678,55.97563602,29335221
08-08-2016,58.055,58.085,57.78,58.06,19473499,0,1,56.06738352,56.09635642,55.80179864,56.07221234,19473499
09-08-2016,58.17,58.5,58.02,58.2,16920721,0,1,56.17844629,56.49714815,56.03358181,56.20741919,16920721
10-08-2016,58.16,58.32,57.82,58.02,15756913,0,1,56.16878866,56.32331077,55.84042917,56.03358181,15756913
11-08-2016,58.03,58.45,58.03,58.3,18162301,0,1,56.04323944,56.44885999,56.04323944,56.30399551,18162301
12-08-2016,58.03,58.19,57.62,57.94,21655161,0,1,56.04323944,56.19776156,55.64727652,55.95632075,21655161
15-08-2016,58.01,58.5,57.96,58.12,19283902,0,1,56.02392418,56.49714815,55.97563602,56.13015813,19283902
16-08-2016,57.61,57.62,57.27,57.44,20523493,0.36,1,55.98632263,55.99604079,55.65590517,55.8211139,20523493
17-08-2016,57.54,57.68,57.23,57.56,18856423,0,1,55.91829551,56.05434975,55.61703253,55.93773183,18856423
18-08-2016,57.42,57.7,57.27,57.6,14214341,0,1,55.80167758,56.07378608,55.65590517,55.97660447,14214341
19-08-2016,57.43,57.73,57.2,57.62,17271044,0,1,55.81139574,56.10294056,55.58787805,55.99604079,17271044
22-08-2016,57.6,57.75,57.26,57.67,15221922,0,1,55.97660447,56.12237688,55.64618701,56.04463159,15221922
23-08-2016,57.9,58.18,57.85,57.89,18732373,0,1,56.26814929,56.54025778,56.21955848,56.25843112,18732373
24-08-2016,57.8,58.04,57.715,57.95,18151506,0,1,56.17096768,56.40420353,56.08836332,56.31674009,18151506
25-08-2016,57.88,58.29,57.78,58.17,18552579,0,1,56.24871296,56.64715754,56.15153136,56.53053962,18552579
26-08-2016,58.28,58.7,57.69,58.03,20971202,0,1,56.63743938,57.04560213,56.06406791,56.39448537,20971202
29-08-2016,58.18,58.6,58.1,58.1,16417207,0,1,56.54025778,56.94842052,56.4625125,56.4625125,16417207
30-08-2016,57.98,58.19,57.61,57.89,16930185,0,1,56.34589457,56.54997594,55.98632263,56.25843112,16930185
31-08-2016,57.65,57.8,57.3,57.46,20860269,0,1,56.02519527,56.17096768,55.68505966,55.84055022,20860269
01-09-2016,57.01,57.82,57.01,57.59,26075363,0,1,55.403233,56.190404,55.403233,55.96688631,26075363
02-09-2016,57.67,58.19,57.42,57.67,18900489,0,1,56.04463159,56.54997594,55.80167758,56.04463159,18900489
06-09-2016,57.78,57.8,57.21,57.61,16278416,0,1,56.15153136,56.17096768,55.59759621,55.98632263,16278416
07-09-2016,57.47,57.84,57.405,57.66,17493359,0,1,55.85026838,56.20984032,55.78710034,56.03491343,17493359
08-09-2016,57.63,57.79,57.18,57.43,20146083,0,1,56.00575895,56.16124952,55.56844173,55.81139574,20146083
09-09-2016,56.79,57.52,56.21,56.21,35113934,0,1,55.18943347,55.89885919,54.62578016,54.62578016,35113934
12-09-2016,56,57.205,55.61,57.05,29302962,0,1,54.42169879,55.59273713,54.04269053,55.44210564,29302962
13-09-2016,56.5,56.65,56.05,56.53,30130213,0,1,54.90760682,55.05337922,54.47028959,54.9367613,30130213
14-09-2016,56.39,56.63,56.03,56.26,24274273,0,1,54.80070705,55.0339429,54.45085327,54.67437096,24274273
15-09-2016,56.15,57.35,55.98,57.19,27062614,0,1,54.5674712,55.73365046,54.40226247,55.57815989,27062614
16-09-2016,57.63,57.63,56.75,57.25,44606965,0,1,56.00575895,56.00575895,55.15056083,55.63646885,44606965
19-09-2016,57.27,57.75,56.85,56.93,20937104,0,1,55.65590517,56.12237688,55.24774243,55.32548772,20937104
20-09-2016,57.35,57.35,56.75,56.81,17383982,0,1,55.73365046,55.73365046,55.15056083,55.20886979,17383982
21-09-2016,57.51,57.85,57.08,57.76,33707272,0,1,55.88914103,56.21955848,55.47126012,56.13209504,33707272
22-09-2016,57.92,58,57.63,57.82,19822203,0,1,56.28758561,56.36533089,56.00575895,56.190404,19822203
23-09-2016,57.87,57.91,57.38,57.43,19955336,0,1,56.2389948,56.27786745,55.76280494,55.81139574,19955336
26-09-2016,57.08,57.14,56.83,56.9,21688720,0,1,55.47126012,55.52956909,55.22830611,55.29633324,21688720
27-09-2016,56.93,58.06,56.681,57.95,28065071,0,1,55.32548772,56.42363985,55.08350552,56.31674009,28065071
28-09-2016,57.88,58.06,57.67,58.03,20536400,0,1,56.24871296,56.42363985,56.04463159,56.39448537,20536400
29-09-2016,57.81,58.1679,57.21,57.4,25463536,0,1,56.18068584,56.52849881,55.59759621,55.78224126,25463536
30-09-2016,57.57,57.77,57.34,57.6,29910788,0,1,55.94744999,56.1418132,55.7239323,55.97660447,29910788
03-10-2016,57.405,57.55,57.06,57.42,19189515,0,1,55.78710034,55.92801367,55.4518238,55.80167758,19189515
04-10-2016,57.27,57.595,56.97,57.24,20085874,0,1,55.65590517,55.97174539,55.36436036,55.62675069,20085874
05-10-2016,57.29,57.9601,57.26,57.64,16726411,0,1,55.67534149,56.32655543,55.64618701,56.01547711,16726411
06-10-2016,57.74,57.86,57.28,57.74,16212611,0,1,56.11265872,56.22927664,55.66562333,56.11265872,16212611
07-10-2016,57.85,57.98,57.42,57.8,20089020,0,1,56.21955848,56.34589457,55.80167758,56.17096768,20089020
10-10-2016,57.91,58.39,57.87,58.04,18196509,0,1,56.27786745,56.74433915,56.2389948,56.40420353,18196509
11-10-2016,57.89,58.02,56.89,57.19,26497418,0,1,56.25843112,56.38476721,55.28661507,55.57815989,26497418
12-10-2016,57.11,57.27,56.4,57.11,22177464,0,1,55.50041461,55.65590517,54.81042521,55.50041461,22177464
13-10-2016,56.7,57.3,56.315,56.92,25313748,0,1,55.10197003,55.68505966,54.72782085,55.31576956,25313748
14-10-2016,57.12,57.74,57.12,57.42,27402451,0,1,55.51013277,56.11265872,55.51013277,55.80167758,27402451
17-10-2016,57.36,57.46,56.87,57.22,23830014,0,1,55.74336862,55.84055022,55.26717875,55.60731437,23830014
18-10-2016,57.53,57.945,57.41,57.66,19149538,0,1,55.90857735,56.31188101,55.79195942,56.03491343,19149538
19-10-2016,57.47,57.84,57.395,57.53,22878397,0,1,55.85026838,56.20984032,55.77738218,55.90857735,22878397
20-10-2016,57.5,57.52,56.66,57.25,49455612,0,1,55.87942287,55.89885919,55.06309738,55.63646885,49455612
21-10-2016,60.28,60.45,59.485,59.66,80032206,0,1,58.58107148,58.74628021,57.80847772,57.97854553,80032206
24-10-2016,59.94,61,59.93,61,54066978,0,1,58.25065403,59.28077904,58.24093587,59.28077904,54066978
25-10-2016,60.85,61.3699,60.8,60.99,35137164,0,1,59.13500663,59.6402538,59.08641583,59.27106088,35137164
26-10-2016,60.81,61.2,60.47,60.63,29911608,0,1,59.09613399,59.47514225,58.76571653,58.9212071,29911608
27-10-2016,60.61,60.83,60.09,60.1,28479856,0,1,58.90177078,59.11557031,58.39642643,58.40614459,28479856
28-10-2016,60.01,60.52,59.58,59.87,33574684,0,1,58.31868115,58.81430734,57.90080025,58.1826269,33574684
31-10-2016,60.16,60.42,59.92,59.92,26434697,0,1,58.46445356,58.71712573,58.23121771,58.23121771,26434697
01-11-2016,59.97,60.02,59.25,59.8,24532986,0,1,58.27980851,58.32839931,57.58010095,58.11459978,24532986
02-11-2016,59.82,59.93,59.3,59.43,22147005,0,1,58.1340361,58.24093587,57.62869176,57.75502784,22147005
03-11-2016,59.53,59.64,59.11,59.21,21600427,0,1,57.85220945,57.95910921,57.44404671,57.54122831,21600427
04-11-2016,58.65,59.28,58.52,58.71,28697016,0,1,56.99701132,57.60925543,56.87067524,57.05532029,28697016
07-11-2016,59.78,60.52,59.78,60.42,31664798,0,1,58.09516346,58.81430734,58.09516346,58.71712573,31664798
08-11-2016,60.55,60.78,60.15,60.47,22935355,0,1,58.84346182,59.06697951,58.4547354,58.76571653,22935355
09-11-2016,60,60.59,59.2,60.17,49632479,0,1,58.30896299,58.88233446,57.53151015,58.47417172,49632479
10-11-2016,60.48,60.49,57.6302,58.7,57822394,0,1,58.77543469,58.78515285,56.00595332,57.04560213,57822394
11-11-2016,58.23,59.116,58.01,59.02,38767843,0,1,56.58884858,57.4498776,56.37504905,57.35658326,38767843
14-11-2016,59.02,59.08,57.28,58.12,41328422,0,1,57.35658326,57.41489222,55.66562333,56.48194882,41328422
15-11-2016,58.33,59.49,58.315,58.87,35904126,0.39,1,57.0615619,58.19633666,57.04688809,57.58981911,35904126
16-11-2016,58.94,59.66,58.81,59.65,27332475,0,1,57.6582969,58.36263986,57.53112387,58.35285731,27332475
17-11-2016,60.41,60.95,59.965,60.64,32132728,0,1,59.09633043,59.62458765,58.66100736,59.32132888,32132728
18-11-2016,60.78,61.14,60.3,60.35,27686311,0,1,59.45828445,59.81045593,58.98872248,59.03763519,27686311
21-11-2016,60.5,60.97,60.42,60.86,19652595,0,1,59.1843733,59.64415273,59.10611297,59.53654478,19652595
22-11-2016,60.98,61.26,60.805,61.12,23206700,0,1,59.65393527,59.92784642,59.4827408,59.79089085,23206700
23-11-2016,61.01,61.1,60.25,60.4,21848913,0,1,59.6832829,59.77132577,58.93980978,59.08654789,21848913
25-11-2016,60.3,60.53,60.13,60.53,8409616,0,1,58.98872248,59.21372093,58.82241928,59.21372093,8409616
28-11-2016,60.34,61.02,60.21,60.61,20732619,0,1,59.02785265,59.69306544,58.90067961,59.29198125,20732619
29-11-2016,60.65,61.41,60.52,61.09,22366721,0,1,59.33111142,60.07458454,59.20393838,59.76154322,22366721
30-11-2016,60.86,61.18,60.215,60.26,34655435,0,1,59.53654478,59.84958609,58.90557088,58.94959232,34655435
01-12-2016,60.11,60.15,58.935,59.2,34542121,0,1,58.8028542,58.84198437,57.65340563,57.91264297,34542121
02-12-2016,59.08,59.47,58.8,59.25,25515665,0,1,57.79525247,58.17677158,57.52134133,57.96155567,25515665
05-12-2016,59.7,60.585,59.56,60.22,23552658,0,1,58.40177002,59.2675249,58.26481444,58.91046215,23552658
06-12-2016,60.43,60.46,59.8,59.95,19907035,0,1,59.11589552,59.14524314,58.49959543,58.64633355,19907035
07-12-2016,60.01,61.38,59.8,61.37,30808969,0,1,58.70502879,60.04523691,58.49959543,60.03545437,30808969
08-12-2016,61.3,61.58,60.84,61.01,21220753,0,1,59.96697659,60.24088774,59.5169797,59.6832829,21220753
09-12-2016,61.18,61.99,61.125,61.97,27349356,0,1,59.84958609,60.64197192,59.79578212,60.62240684,27349356
12-12-2016,61.82,62.3,61.72,62.17,20198081,0,1,60.47566872,60.94523069,60.37784331,60.81805766,20198081
13-12-2016,62.5,63.42,62.24,62.98,35718868,0,1,61.14088151,62.04087529,60.88653544,61.61044348,35718868
14-12-2016,63,63.45,62.53,62.68,30352654,0,1,61.63000856,62.07022291,61.17022913,61.31696725,30352654
15-12-2016,62.7,63.1535,62.3,62.58,27669868,0,1,61.33653233,61.78017057,60.94523069,61.21914184,27669868
16-12-2016,62.95,62.95,62.115,62.3,42453083,0,1,61.58109586,61.58109586,60.76425368,60.94523069,42453083
19-12-2016,62.56,63.77,62.42,63.62,34338219,0,1,61.19957676,62.38326422,61.06262118,62.23652611,34338219
20-12-2016,63.69,63.8,63.025,63.54,26028379,0,1,62.3050039,62.41261185,61.65446492,62.15826578,26028379
21-12-2016,63.43,63.7,63.12,63.54,17096304,0,1,62.05065783,62.31478644,61.74739906,62.15826578,17096304
22-12-2016,63.84,64.1,63.405,63.55,22176585,0,1,62.45174201,62.70608808,62.02620148,62.16804832,22176585
23-12-2016,63.45,63.54,62.8,63.24,12403819,0,1,62.07022291,62.15826578,61.43435774,61.86478955,12403819
27-12-2016,63.21,64.07,63.21,63.28,11763173,0,1,61.83544193,62.67674045,61.83544193,61.90391971,11763173
28-12-2016,63.4,63.4,62.83,62.99,14653348,0,1,62.0213102,62.0213102,61.46370537,61.62022602,14653348
29-12-2016,62.86,63.2,62.73,62.9,10250582,0,1,61.49305299,61.82565938,61.36587996,61.53218315,10250582
30-12-2016,62.96,62.99,62.03,62.14,25579908,0,1,61.5908784,61.62022602,60.68110208,60.78871003,25579908
03-01-2017,62.79,62.84,62.125,62.58,20694101,0,1,61.4245752,61.47348791,60.77403622,61.21914184,20694101
04-01-2017,62.48,62.75,62.12,62.3,21339969,0,1,61.12131643,61.38544504,60.76914495,60.94523069,21339969
05-01-2017,62.19,62.66,62.03,62.3,24875968,0,1,60.83762274,61.29740217,60.68110208,60.94523069,24875968
06-01-2017,62.3,63.15,62.04,62.84,19922919,0,1,60.94523069,61.77674668,60.69088462,61.47348791,19922919
09-01-2017,62.76,63.08,62.54,62.64,20382730,0,1,61.39522758,61.70826889,61.18001168,61.27783709,20382730
10-01-2017,62.73,63.07,62.28,62.62,18593004,0,1,61.36587996,61.69848635,60.92566561,61.258272,18593004
11-01-2017,62.61,63.23,62.43,63.19,21517335,0,1,61.24848946,61.85500701,61.07240372,61.81587684,21517335
12-01-2017,63.06,63.4,61.95,62.61,20968223,0,1,61.68870381,62.0213102,60.60284175,61.24848946,20968223
13-01-2017,62.62,62.865,62.35,62.7,19422310,0,1,61.258272,61.49794426,60.9941434,61.33653233,19422310
17-01-2017,62.68,62.7,62.03,62.53,20663983,0,1,61.31696725,61.33653233,60.68110208,61.17022913,20663983
18-01-2017,62.67,62.7,62.12,62.5,19670102,0,1,61.30718471,61.33653233,60.76914495,61.14088151,19670102
19-01-2017,62.24,62.98,62.195,62.3,18451655,0,1,60.88653544,61.61044348,60.84251401,60.94523069,18451655
20-01-2017,62.67,62.82,62.37,62.74,30213462,0,1,61.30718471,61.45392282,61.01370848,61.3756625,30213462
23-01-2017,62.7,63.1159,62.57,62.96,23097581,0,1,61.33653233,61.74338821,61.2093593,61.5908784,23097581
24-01-2017,63.2,63.735,62.94,63.52,24672940,0,1,61.82565938,62.34902533,61.57131332,62.1387007,24672940
25-01-2017,63.95,64.1,63.45,63.68,24654933,0,1,62.55934996,62.70608808,62.07022291,62.29522135,24654933
26-01-2017,64.12,64.535,63.55,64.27,43554645,0,1,62.72565316,63.13162861,62.16804832,62.87239128,43554645
27-01-2017,65.39,65.91,64.89,65.78,44817972,0,1,63.96803587,64.47672801,63.47890882,64.34955497,44817972
30-01-2017,65.69,65.79,64.8,65.13,31651445,0,1,64.2615121,64.35933751,63.39086595,63.71368981,31651445
31-01-2017,64.86,65.15,64.26,64.65,25270549,0,1,63.4495612,63.73325489,62.86260873,63.24412784,25270549
01-02-2017,64.355,64.62,63.47,63.58,39671528,0,1,62.95554287,63.21478021,62.08978799,62.19739594,39671528
02-02-2017,63.25,63.41,62.75,63.17,45827013,0,1,61.87457209,62.03109275,61.38544504,61.79631176,45827013
03-02-2017,63.5,63.7,63.07,63.68,30301759,0,1,62.11913562,62.31478644,61.69848635,62.29522135,30301759
06-02-2017,63.5,63.65,63.14,63.64,19796360,0,1,62.11913562,62.26587373,61.76696414,62.25609119,19796360
07-02-2017,63.74,63.78,63.23,63.43,20277226,0,1,62.3539166,62.39304676,61.85500701,62.05065783,20277226
08-02-2017,63.57,63.81,63.22,63.34,18096358,0,1,62.1876134,62.42239439,61.84522447,61.96261496,18096358
09-02-2017,63.52,64.435,63.32,64.06,22644443,0,1,62.1387007,63.0338032,61.94304988,62.66695791,22644443
10-02-2017,64.25,64.3,63.975,64,18170729,0,1,62.85282619,62.9017389,62.58380631,62.60826267,18170729
13-02-2017,64.24,64.86,64.13,64.72,22920101,0,1,62.84304365,63.4495612,62.7354357,63.31260562,22920101
14-02-2017,64.41,64.72,64.02,64.57,23108426,0.39,1,63.38992057,63.69501101,63.00609711,63.54738661,23108426
15-02-2017,64.5,64.57,64.155,64.53,17005157,0,1,63.47849522,63.54738661,63.13895908,63.5080201,17005157
16-02-2017,64.74,65.24,64.44,64.52,20546345,0,1,63.71469427,64.20677563,63.41944545,63.49817847,20546345
17-02-2017,64.47,64.69,64.3,64.62,21248818,0,1,63.44897034,63.66548613,63.28166267,63.59659474,21248818
21-02-2017,64.61,64.95,64.45,64.49,20655869,0,1,63.58675312,63.92136844,63.42928708,63.46865359,20655869
22-02-2017,64.33,64.39,64.05,64.36,19292651,0,1,63.31118756,63.37023732,63.03562199,63.34071244,19292651
23-02-2017,64.42,64.7285,64.195,64.62,20273128,0,1,63.3997622,63.7033764,63.17832559,63.59659474,20273128
24-02-2017,64.53,64.8,64.135,64.62,21796800,0,1,63.5080201,63.77374403,63.11927583,63.59659474,21796800
27-02-2017,64.54,64.54,64.045,64.23,15871507,0,1,63.51786173,63.51786173,63.03070118,63.21277128,15871507
28-02-2017,64.08,64.2,63.76,63.98,23239825,0,1,63.06514688,63.1832464,62.75021481,62.9667306,23239825
01-03-2017,64.13,64.99,64.0218,64.94,26937459,0,1,63.11435501,63.96073495,63.00786861,63.91152681,26937459
02-03-2017,64.69,64.75,63.88,64.01,24539597,0,1,63.66548613,63.7245359,62.86831433,62.99625549,24539597
03-03-2017,63.99,64.28,63.62,64.25,18139405,0,1,62.97657223,63.26197942,62.61243203,63.23245454,18139405
06-03-2017,63.97,64.56,63.81,64.27,18750255,0,1,62.95688898,63.53754498,62.79942294,63.25213779,18750255
07-03-2017,64.19,64.775,64.19,64.4,18520987,0,1,63.17340478,63.74913996,63.17340478,63.38007895,18520987
08-03-2017,64.26,65.085,64.25,64.99,21510907,0,1,63.24229617,64.05423041,63.23245454,63.96073495,21510907
09-03-2017,65.19,65.2,64.48,64.73,19846832,0,1,64.15756749,64.16740912,63.45881196,63.70485264,19846832
10-03-2017,65.11,65.26,64.75,64.93,19538245,0,1,64.07883447,64.22645888,63.7245359,63.90168519,19538245
13-03-2017,65.01,65.195,64.57,64.71,20100035,0,1,63.9804182,64.16248831,63.54738661,63.68516939,20100035
14-03-2017,64.53,64.55,64.15,64.41,14280202,0,1,63.5080201,63.52770335,63.13403827,63.38992057,14280202
15-03-2017,64.55,64.92,64.25,64.75,24833810,0,1,63.52770335,63.89184356,63.23245454,63.7245359,24833810
16-03-2017,64.75,64.76,64.3,64.64,20674296,0,1,63.7245359,63.73437752,63.28166267,63.616278,20674296
17-03-2017,64.91,65.24,64.68,64.87,49219686,0,1,63.88200193,64.20677563,63.65564451,63.84263542,49219686
20-03-2017,64.91,65.175,64.72,64.93,14598083,0,1,63.88200193,64.14280505,63.69501101,63.90168519,14598083
21-03-2017,65.19,65.5,64.13,64.21,26640480,0,1,64.15756749,64.46265793,63.11435501,63.19308803,26640480
22-03-2017,64.12,65.14,64.12,65.03,20680015,0,1,63.10451339,64.10835936,63.10451339,64.00010146,20680015
23-03-2017,64.94,65.235,64.765,64.87,19269203,0,1,63.91152681,64.20185481,63.73929834,63.84263542,19269203
24-03-2017,65.36,65.45,64.76,64.98,22617105,0,1,64.32487515,64.4134498,63.73437752,63.95089332,22617105
27-03-2017,64.63,65.22,64.35,65.1,18614662,0,1,63.60643637,64.18709237,63.33087081,64.06899285,18614662
28-03-2017,64.96,65.47,64.65,65.29,20080358,0,1,63.93121007,64.43313305,63.62611962,64.25598376,20080358
29-03-2017,65.12,65.5,64.9475,65.47,13618424,0,1,64.0886761,64.46265793,63.91890803,64.43313305,13618424
30-03-2017,65.42,65.98,65.36,65.71,15122823,0,1,64.38392492,64.93505604,64.32487515,64.6693321,15122823
31-03-2017,65.65,66.19,65.45,65.86,21040331,0,1,64.61028234,65.14173021,64.4134498,64.81695651,21040331
03-04-2017,65.81,65.94,65.19,65.55,20400871,0,1,64.76774838,64.89568953,64.15756749,64.51186607,20400871
04-04-2017,65.39,65.81,65.28,65.73,12997449,0,1,64.35440004,64.76774838,64.24614214,64.68901536,12997449
05-04-2017,66.3,66.35,65.4443,65.56,21448594,0,1,65.24998811,65.29919624,64.40784007,64.5217077,21448594
06-04-2017,65.6,66.055,65.48,65.73,18103453,0,1,64.56107421,65.00886824,64.44297468,64.68901536,18103453
07-04-2017,65.85,65.96,65.44,65.68,14089274,0,1,64.80711488,64.91537278,64.40360817,64.63980722,14089274
10-04-2017,65.61,65.82,65.36,65.53,17952742,0,1,64.57091583,64.77759,64.32487515,64.49218282,17952742
11-04-2017,65.6,65.61,64.85,65.48,18791533,0,1,64.56107421,64.57091583,63.82295217,64.44297468,18791533
12-04-2017,65.42,65.51,65.11,65.23,17108513,0,1,64.38392492,64.47249956,64.07883447,64.196934,17108513
13-04-2017,65.29,65.86,64.95,64.95,17896483,0,1,64.25598376,64.81695651,63.92136844,63.92136844,17896483
17-04-2017,65.04,65.49,65.01,65.48,16689265,0,1,64.00994308,64.45281631,63.9804182,64.44297468,16689265
18-04-2017,65.33,65.71,65.16,65.39,15155611,0,1,64.29535027,64.6693321,64.12804261,64.35440004,15155611
19-04-2017,65.65,65.75,64.89,65.04,26992771,0,1,64.61028234,64.70869861,63.86231868,64.00994308,26992771
20-04-2017,65.46,65.75,65.14,65.5,22299477,0,1,64.42329143,64.70869861,64.10835936,64.46265793,22299477
21-04-2017,65.67,66.7,65.45,66.4,32522645,0,1,64.6299656,65.64365319,64.4134498,65.34840438,32522645
24-04-2017,67.48,67.66,67.1,67.53,29721254,0,1,66.41130011,66.5884494,66.03731828,66.46050825,29721254
25-04-2017,67.9,68.04,67.6,67.92,29983174,0,1,66.82464845,66.96243123,66.52939964,66.84433171,29983174
26-04-2017,68.08,68.31,67.62,67.83,25544417,0,1,67.00179774,67.22815517,66.54908289,66.75575706,25544417
27-04-2017,68.15,68.38,67.58,68.27,32219234,0,1,67.07068913,67.29704656,66.50971638,67.18878866,32219234
28-04-2017,68.91,69.14,67.69,68.46,38940853,0,1,67.8186528,68.04501022,66.61797428,67.37577957,38940853
01-05-2017,68.68,69.55,68.5,69.41,31304672,0,1,67.59229537,68.44851694,67.41514608,68.31073416,31304672
02-05-2017,69.71,69.71,69.13,69.3,23000828,0,1,68.60598297,68.60598297,68.03516859,68.20247626,23000828
03-05-2017,69.38,69.38,68.71,69.08,28725646,0,1,68.28120927,68.28120927,67.62182025,67.98596046,28725646
04-05-2017,69.03,69.08,68.64,68.81,21421413,0,1,67.93675232,67.98596046,67.55292886,67.72023653,21421413
05-05-2017,68.9,69.03,68.485,69,18882845,0,1,67.80881117,67.93675232,67.40038364,67.90722744,18882845
08-05-2017,68.97,69.05,68.42,68.94,18446053,0,1,67.87770256,67.95643558,67.33641307,67.84817768,18446053
09-05-2017,68.86,69.28,68.68,69.04,22318181,0,1,67.76944466,68.182793,67.59229537,67.94659395,22318181
10-05-2017,68.99,69.56,68.92,69.31,17842038,0,1,67.89738581,68.45835856,67.82849442,68.21231788,17842038
11-05-2017,68.36,68.73,68.12,68.46,27985424,0,1,67.2773633,67.64150351,67.04116425,67.37577957,27985424
12-05-2017,68.61,68.61,68.04,68.38,17073013,0,1,67.52340398,67.52340398,66.96243123,67.29704656,17073013
15-05-2017,68.14,68.48,67.57,68.43,30705323,0,1,67.06084751,67.39546283,66.49987476,67.34625469,30705323
16-05-2017,68.23,69.44,68.16,69.41,33250702,0.39,1,67.52672044,68.72424839,67.45744197,68.69455762,33250702
17-05-2017,68.89,69.1,67.43,67.48,29964198,0,1,68.17991751,68.38775293,66.73496643,66.78445106,29964198
18-05-2017,67.4,68.13,67.14,67.71,24789790,0,1,66.70527566,67.42775119,66.4479556,67.01208034,24789790
19-05-2017,67.5,68.095,67.43,67.69,26496478,0,1,66.80424491,67.39311195,66.73496643,66.99228649,26496478
22-05-2017,67.89,68.5,67.5,68.45,15484530,0,1,67.19022499,67.79393742,66.80424491,67.7444528,15484530
23-05-2017,68.72,68.75,68.38,68.68,15347877,0,1,68.01166978,68.04136055,67.67517432,67.97208208,15347877
24-05-2017,68.87,68.88,68.45,68.77,14422965,0,1,68.16012366,68.17002058,67.7444528,68.0611544,14422965
25-05-2017,68.97,69.88,68.91,69.62,21702912,0,1,68.25909291,69.1597131,68.19971136,68.90239304,21702912
26-05-2017,69.8,70.22,69.52,69.97,19644260,0,1,69.0805377,69.49620855,68.80342379,69.24878542,19644260
30-05-2017,69.79,70.41,69.77,70.41,16901792,0,1,69.07064077,69.68425013,69.05084692,69.68425013,16901792
31-05-2017,70.53,70.74,69.81,69.84,29538356,0,1,69.80301323,70.01084866,69.09043462,69.1201254,29538356
01-06-2017,70.24,70.61,69.451,70.1,21066468,0,1,69.5160024,69.88218864,68.73513501,69.37744545,21066468
02-06-2017,70.44,71.86,70.24,71.76,34586054,0,1,69.71394091,71.11930428,69.5160024,71.02033503,34586054
05-06-2017,71.97,72.89,71.81,72.28,29507429,0,1,71.22817046,72.13868757,71.06981966,71.53497514,29507429
06-06-2017,72.3,72.62,72.27,72.52,31220057,0,1,71.55476899,71.8714706,71.52507821,71.77250134,31220057
07-06-2017,72.635,72.77,71.95,72.39,21895156,0,1,71.88631598,72.01992447,71.20837661,71.64384132,21895156
08-06-2017,72.51,72.52,71.5,71.945,23982410,0,1,71.76260442,71.77250134,70.76301498,71.20342815,23982410
09-06-2017,72.035,72.08,68.59,70.32,48619420,0,1,71.29250047,71.33703664,67.88300975,69.59517781,48619420
12-06-2017,69.25,69.94,68.13,69.78,47363986,0,1,68.53620681,69.21909465,67.42775119,69.06074385,47363986
13-06-2017,70.02,70.82,69.96,70.65,24815455,0,1,69.29827005,70.09002406,69.2388885,69.92177634,24815455
14-06-2017,70.91,71.1,69.43,70.27,25271276,0,1,70.17909639,70.36713797,68.71435147,69.54569318,25271276
15-06-2017,69.27,70.21,68.8,69.9,25701569,0,1,68.55600066,69.48631163,68.09084518,69.17950695,25701569
16-06-2017,69.73,70.0252,69.22,70,46911637,0,1,69.01125922,69.30341645,68.50651604,69.2784762,46911637
19-06-2017,70.5,70.945,70.35,70.87,23146852,0,1,69.77332246,70.21373563,69.62486858,70.13950869,23146852
20-06-2017,70.82,70.87,69.87,69.91,20775590,0,1,70.09002406,70.13950869,69.14981617,69.18940387,20775590
21-06-2017,70.21,70.62,69.94,70.27,19190623,0,1,69.48631163,69.89208556,69.21909465,69.54569318,19190623
22-06-2017,70.54,70.59,69.71,70.26,22222851,0,1,69.81291016,69.86239479,68.99146537,69.53579625,22222851
23-06-2017,70.09,71.25,69.92,71.21,23176418,0,1,69.36754853,70.51559185,69.1993008,70.47600415,23176418
26-06-2017,71.4,71.71,70.445,70.53,19308122,0,1,70.66404572,70.9708504,69.71888937,69.80301323,19308122
27-06-2017,70.11,70.18,69.18,69.21,24862560,0,1,69.38734238,69.45662085,68.46692834,68.49661911,24862560
28-06-2017,69.21,69.841,68.79,69.8,25226070,0,1,68.49661911,69.12111509,68.08094825,69.0805377,25226070
29-06-2017,69.38,69.49,68.09,68.49,28231562,0,1,68.66486684,68.77373302,67.38816349,67.7840405,28231562
30-06-2017,68.78,69.38,68.74,68.93,23039328,0,1,68.07105133,68.66486684,68.03146363,68.21950521,23039328
03-07-2017,69.33,69.6,68.02,68.17,16164331,0,1,68.61538221,68.88259919,67.31888502,67.46733889,16164331
05-07-2017,68.255,69.44,68.22,69.08,20174523,0,1,67.55146276,68.72424839,67.51682352,68.36795908,20174523
06-07-2017,68.27,68.78,68.12,68.57,20776555,0,1,67.56630815,68.07105133,67.41785427,67.8632159,20776555
07-07-2017,68.7,69.84,68.7,69.46,15897154,0,1,67.99187593,69.1201254,67.99187593,68.74404224,15897154
10-07-2017,69.46,70.25,69.2,69.98,14903400,0,1,68.74404224,69.52589933,68.48672219,69.25868235,14903400
11-07-2017,70,70.68,69.75,69.99,16880205,0,1,69.2784762,69.95146711,69.03105307,69.26857927,16880205
12-07-2017,70.69,71.28,70.55,71.15,17382861,0,1,69.96136404,70.54528262,69.82280708,70.41662259,17382861
13-07-2017,71.5,72.0399,71.31,71.77,20149208,0,1,70.76301498,71.29734997,70.5749734,71.03023196,20149208
14-07-2017,72.24,73.27,71.96,72.78,25689303,0,1,71.49538744,72.51477073,71.21827353,72.0298214,25689303
17-07-2017,72.8,73.45,72.72,73.35,21481069,0,1,72.04961525,72.69291538,71.97043985,72.59394613,21481069
18-07-2017,73.09,73.39,72.66,73.3,26150272,0,1,72.33662608,72.63353383,71.9110583,72.54446151,26150272
19-07-2017,73.5,74.04,73.45,73.86,21769229,0,1,72.74240001,73.27683397,72.69291538,73.09868932,21769229
20-07-2017,74.18,74.3,73.28,74.24,34174677,0,1,73.41539092,73.53415402,72.52466766,73.47477247,34174677
21-07-2017,73.45,74.29,73.17,73.79,45302930,0,1,72.69291538,73.5242571,72.41580148,73.02941084,45302930
24-07-2017,73.53,73.75,73.13,73.6,20836422,0,1,72.77209079,72.98982314,72.37621378,72.84136926,20836422
25-07-2017,73.8,74.31,73.5,74.19,21522189,0,1,73.03930777,73.54405095,72.74240001,73.42528785,21522189
26-07-2017,74.34,74.38,73.81,74.05,15850344,0,1,73.57374172,73.61332943,73.04920469,73.28673089,15850344
27-07-2017,73.76,74.42,72.32,73.16,35518251,0,1,72.99972006,73.65291713,71.57456284,72.40590455,35518251
28-07-2017,72.67,73.31,72.54,73.04,17472880,0,1,71.92095522,72.55435843,71.79229519,72.28714145,17472880
31-07-2017,73.3,73.44,72.41,72.72,23151962,0,1,72.54446151,72.68301846,71.66363517,71.97043985,23151962
01-08-2017,73.1,73.42,72.49,72.58,19060885,0,1,72.346523,72.66322461,71.74281057,71.83188289,19060885
02-08-2017,72.55,72.56,71.445,72.26,26405096,0,1,71.80219212,71.81208904,70.70858189,71.51518129,26405096
03-08-2017,72.19,72.44,71.845,72.15,17937522,0,1,71.44590281,71.69332594,71.10445889,71.40631511,17937522
04-08-2017,72.4,73.04,72.24,72.68,22412719,0,1,71.65373824,72.28714145,71.49538744,71.93085215,22412719
07-08-2017,72.8,72.9,72.26,72.4,18582345,0,1,72.04961525,72.1485845,71.51518129,71.65373824,18582345
08-08-2017,72.09,73.13,71.75,72.79,21446993,0,1,71.34693356,72.37621378,71.01043811,72.03971832,21446993
09-08-2017,72.25,72.51,72.05,72.47,20401071,0,1,71.50528436,71.76260442,71.30734586,71.72301672,20401071
10-08-2017,71.9,72.19,71.35,71.41,23153711,0,1,71.15889198,71.44590281,70.6145611,70.67394265,23153711
11-08-2017,71.61,72.7,71.28,72.5,21121250,0,1,70.87188115,71.950646,70.54528262,71.75270749,21121250
14-08-2017,73.06,73.72,72.95,73.59,19756773,0,1,72.3069353,72.96013236,72.19806913,72.83147234,19756773
15-08-2017,73.59,73.59,73.04,73.22,17791179,0.39,1,73.21940288,73.21940288,72.67217266,72.85126619,17791179
16-08-2017,73.34,74.1,73.17,73.65,17814317,0,1,72.97066187,73.72683453,72.80151799,73.27910072,17814317
17-08-2017,73.58,73.87,72.4,72.4,21834250,0,1,73.20945324,73.49799281,72.03539568,72.03539568,21834250
18-08-2017,72.27,72.84,71.93,72.49,18215276,0,1,71.90605036,72.47317986,71.56776259,72.12494245,18215276
21-08-2017,72.47,72.48,71.7,72.15,17656716,0,1,72.10504317,72.11499281,71.33892086,71.78665468,17656716
22-08-2017,72.35,73.24,72.35,73.16,14183146,0,1,71.98564748,72.87116547,71.98564748,72.79156835,14183146
23-08-2017,72.96,73.15,72.53,72.72,13586784,0,1,72.59257554,72.78161871,72.16474101,72.35378417,13586784
24-08-2017,72.74,72.86,72.07,72.69,15980144,0,1,72.37368345,72.49307914,71.70705755,72.32393525,15980144
25-08-2017,72.86,73.35,72.48,72.82,12574503,0,1,72.49307914,72.98061151,72.11499281,72.45328058,12574503
28-08-2017,73.06,73.09,72.55,72.83,14112777,0,1,72.69207194,72.72192086,72.18464029,72.46323022,14112777
29-08-2017,72.25,73.16,72.05,73.05,11325418,0,1,71.88615108,72.79156835,71.68715827,72.6821223,11325418
30-08-2017,73.01,74.2099,72.8293,74.01,16826094,0,1,72.64232374,73.83618108,72.46253374,73.63728777,16826094
31-08-2017,74.03,74.96,73.8,74.77,26688077,0,1,73.65718705,74.5825036,73.42834532,74.39346043,26688077
01-09-2017,74.71,74.74,73.64,73.94,21593192,0,1,74.33376259,74.36361151,73.26915108,73.56764029,21593192
05-09-2017,73.34,73.89,72.98,73.61,21432599,0,1,72.97066187,73.51789209,72.61247482,73.23930216,21432599
06-09-2017,73.74,74.04,73.35,73.4,15945136,0,1,73.36864748,73.66713669,72.98061151,73.03035971,15945136
07-09-2017,73.68,74.6,73.6,74.34,17165518,0,1,73.30894964,74.22431655,73.22935252,73.9656259,17165518
08-09-2017,74.33,74.44,73.84,73.98,14474383,0,1,73.95567626,74.0651223,73.46814388,73.60743885,14474383
11-09-2017,74.31,74.945,74.31,74.76,17428067,0,1,73.93577698,74.56757914,73.93577698,74.38351079,17428067
12-09-2017,74.76,75.24,74.37,74.68,14003880,0,1,74.38351079,74.86109353,73.99547482,74.30391367,14003880
13-09-2017,74.93,75.23,74.55,75.21,12998629,0,1,74.55265468,74.85114388,74.17456835,74.8312446,12998629
14-09-2017,75,75.49,74.52,74.77,15373384,0,1,74.62230216,75.10983453,74.14471942,74.39346043,15373384
15-09-2017,74.83,75.39,74.07,75.31,37901927,0,1,74.45315827,75.01033813,73.69698561,74.93074101,37901927
18-09-2017,75.23,75.97,75.04,75.16,22730355,0,1,74.85114388,75.58741727,74.66210072,74.7814964,22730355
19-09-2017,75.21,75.71,75.01,75.44,15606870,0,1,74.8312446,75.32872662,74.6322518,75.06008633,15606870
20-09-2017,75.35,75.55,74.31,74.94,20415084,0,1,74.97053957,75.16953237,73.93577698,74.56260432,20415084
21-09-2017,75.11,75.24,74.11,74.21,19038998,0,1,74.7317482,74.86109353,73.73678417,73.83628058,19038998
22-09-2017,73.99,74.51,73.85,74.41,13969937,0,1,73.61738849,74.13476978,73.47809353,74.03527338,13969937
25-09-2017,74.09,74.25,72.92,73.26,23502422,0,1,73.71688489,73.87607914,72.55277698,72.89106475,23502422
26-09-2017,73.67,73.81,72.99,73.26,17105469,0,1,73.299,73.43829496,72.62242446,72.89106475,17105469
27-09-2017,73.55,74.17,73.17,73.85,18934048,0,1,73.17960432,73.79648201,72.80151799,73.47809353,18934048
28-09-2017,73.54,73.97,73.31,73.87,10814063,0,1,73.16965468,73.59748921,72.94081295,73.49799281,10814063
29-09-2017,73.94,74.535,73.88,74.49,16700435,0,1,73.56764029,74.15964388,73.50794245,74.1148705,16700435
02-10-2017,74.71,75.01,74.295,74.61,15210338,0,1,74.33376259,74.6322518,73.92085252,74.23426619,15210338
03-10-2017,74.67,74.88,74.195,74.26,11935853,0,1,74.29396403,74.50290647,73.82135612,73.88602878,11935853
04-10-2017,74,74.72,73.71,74.69,13287346,0,1,73.62733813,74.34371223,73.33879856,74.31386331,13287346
05-10-2017,75.22,76.12,74.96,75.97,20656238,0,1,74.84119424,75.73666187,74.5825036,75.58741727,20656238
06-10-2017,75.67,76.03,75.54,76,13692791,0,1,75.28892806,75.64711511,75.15958273,75.61726619,13692791
09-10-2017,75.97,76.55,75.86,76.29,11364275,0,1,75.58741727,76.1644964,75.47797122,75.90580576,11364275
10-10-2017,76.33,76.63,76.14,76.29,13734627,0,1,75.94560432,76.24409353,75.75656115,75.90580576,13734627
11-10-2017,76.36,76.46,75.95,76.42,14780652,0,1,75.97545324,76.07494964,75.56751799,76.03515108,14780652
12-10-2017,76.49,77.29,76.37,77.12,16778148,0,1,76.10479856,76.90076978,75.98540288,76.7316259,16778148
13-10-2017,77.59,77.87,77.29,77.49,15250772,0,1,77.19925899,77.47784892,76.90076978,77.09976259,15250772
16-10-2017,77.42,77.81,77.35,77.65,12331147,0,1,77.03011511,77.41815108,76.96046763,77.25895683,12331147
17-10-2017,77.47,77.62,77.25,77.59,15953665,0,1,77.07986331,77.22910791,76.86097122,77.19925899,15953665
18-10-2017,77.67,77.85,77.37,77.61,13147124,0,1,77.27885612,77.45794964,76.98036691,77.21915827,13147124
19-10-2017,77.57,77.93,77.35,77.91,14982129,0,1,77.17935971,77.53754676,76.96046763,77.51764748,14982129
20-10-2017,78.32,78.97,78.22,78.81,22517092,0,1,77.92558273,78.57230935,77.82608633,78.41311511,22517092
23-10-2017,78.99,79.34,78.76,78.83,20479731,0,1,78.59220863,78.94044604,78.36336691,78.43301439,20479731
24-10-2017,78.9,79.2,78.46,78.86,16613928,0,1,78.50266187,78.80115108,78.0648777,78.46286331,16613928
25-10-2017,78.58,79.1,78.01,78.63,19714512,0,1,78.18427338,78.70165468,77.61714388,78.23402158,19714512
26-10-2017,79.2,79.42,78.75,78.76,29181652,0,1,78.80115108,79.02004317,78.35341727,78.36336691,29181652
27-10-2017,84.37,86.2,83.61,83.81,70877350,0,1,83.94511511,85.76589928,83.18894245,83.38793525,70877350
30-10-2017,83.7,84.325,83.105,83.89,31291801,0,1,83.27848921,83.90034173,82.68648561,83.46753237,31291801
31-10-2017,84.36,84.36,83.11,83.18,26728947,0,1,83.93516547,83.93516547,82.69146043,82.76110791,26728947
01-11-2017,83.68,83.76,82.88,83.18,22039635,0,1,83.25858993,83.33818705,82.46261871,82.76110791,22039635
02-11-2017,83.35,84.46,83.12,84.05,23822964,0,1,82.9302518,84.03466187,82.70141007,83.62672662,23822964
03-11-2017,84.08,84.54,83.4,84.14,17569120,0,1,83.65657554,84.11425899,82.98,83.71627338,17569120
06-11-2017,84.2,84.7,84.0825,84.47,19039847,0,1,83.77597122,84.27345324,83.65906295,84.04461151,19039847
07-11-2017,84.77,84.9,83.93,84.27,17152583,0,1,84.34310072,84.47244604,83.50733094,83.84561871,17152583
09-11-2017,84.11,84.27,82.9,84.09,20924172,0,1,83.68642446,83.84561871,82.48251799,83.66652518,20924172
10-11-2017,83.79,84.095,83.23,83.87,19340435,0,1,83.36803597,83.6715,82.81085612,83.44763309,19340435
13-11-2017,83.66,83.94,83.46,83.93,14080820,0,1,83.23869065,83.51728058,83.03969784,83.50733094,14080820
14-11-2017,83.5,84.1,82.98,84.05,18604034,0,1,83.0794964,83.67647482,82.56211511,83.62672662,18604034
15-11-2017,83.47,83.69,82.69,82.98,19097333,0.42,1,83.47,83.69,82.69,82.98,19097333
16-11-2017,83.1,83.42,82.94,83.2,20659209,0,1,83.1,83.42,82.94,83.2,20659209
17-11-2017,83.12,83.12,82.24,82.4,21715498,0,1,83.12,83.12,82.24,82.4,21715498
20-11-2017,82.4,82.59,82.25,82.53,16072495,0,1,82.4,82.59,82.25,82.53,16072495
21-11-2017,82.74,83.84,82.74,83.72,21033981,0,1,82.74,83.84,82.74,83.72,21033981
22-11-2017,83.83,83.9,83.04,83.11,20213704,0,1,83.83,83.9,83.04,83.11,20213704
24-11-2017,83.01,83.43,82.78,83.26,7425503,0,1,83.01,83.43,82.78,83.26,7425503
27-11-2017,83.31,83.98,83.3,83.87,17603760,0,1,83.31,83.98,83.3,83.87,17603760
28-11-2017,84.07,85.06,84.02,84.88,21162639,0,1,84.07,85.06,84.02,84.88,21162639
29-11-2017,84.71,84.9172,83.175,83.34,26401761,0,1,84.71,84.9172,83.175,83.34,26401761
30-11-2017,83.51,84.52,83.34,84.17,32074914,0,1,83.51,84.52,83.34,84.17,32074914
01-12-2017,83.6,84.81,83.22,84.26,29113662,0,1,83.6,84.81,83.22,84.26,29113662
04-12-2017,84.42,84.4299,80.7,81.08,37977732,0,1,84.42,84.4299,80.7,81.08,37977732
05-12-2017,81.34,82.68,80.9801,81.59,25512120,0,1,81.34,82.68,80.9801,81.59,25512120
06-12-2017,81.55,83.14,81.43,82.78,24821403,0,1,81.55,83.14,81.43,82.78,24821403
07-12-2017,82.54,82.8,82,82.49,20378114,0,1,82.54,82.8,82,82.49,20378114
08-12-2017,83.63,84.58,83.33,84.16,23825056,0,1,83.63,84.58,83.33,84.16,23825056
11-12-2017,84.29,85.37,84.12,85.23,19909119,0,1,84.29,85.37,84.12,85.23,19909119
12-12-2017,85.31,86.05,85.08,85.58,23534946,0,1,85.31,86.05,85.08,85.58,23534946
13-12-2017,85.74,86,85.17,85.35,21307911,0,1,85.74,86,85.17,85.35,21307911
14-12-2017,85.43,85.8739,84.53,84.69,19080106,0,1,85.43,85.8739,84.53,84.69,19080106
15-12-2017,85.26,87.09,84.88,86.85,52430167,0,1,85.26,87.09,84.88,86.85,52430167
18-12-2017,87.12,87.4999,86.23,86.38,21551076,0,1,87.12,87.4999,86.23,86.38,21551076
19-12-2017,86.35,86.35,85.27,85.83,23241979,0,1,86.35,86.35,85.27,85.83,23241979
20-12-2017,86.2,86.3,84.71,85.52,23425009,0,1,86.2,86.3,84.71,85.52,23425009
21-12-2017,86.05,86.1,85.4,85.5,16638402,0,1,86.05,86.1,85.4,85.5,16638402
22-12-2017,85.4,85.63,84.92,85.51,14033977,0,1,85.4,85.63,84.92,85.51,14033977
26-12-2017,85.31,85.5346,85.03,85.4,9737412,0,1,85.31,85.5346,85.03,85.4,9737412
27-12-2017,85.65,85.98,85.215,85.71,13000828,0,1,85.65,85.98,85.215,85.71,13000828
28-12-2017,85.9,85.93,85.55,85.72,9872795,0,1,85.9,85.93,85.55,85.72,9872795
29-12-2017,85.63,86.05,85.5,85.54,18162779,0,1,85.63,86.05,85.5,85.54,18162779
02-01-2018,86.125,86.31,85.5,85.95,21993101,0,1,86.125,86.31,85.5,85.95,21993101
03-01-2018,86.055,86.51,85.97,86.35,24173064,0,1,86.055,86.51,85.97,86.35,24173064
04-01-2018,86.59,87.66,86.57,87.11,21145985,0,1,86.59,87.66,86.57,87.11,21145985
05-01-2018,87.66,88.41,87.43,88.19,22526563,0,1,87.66,88.41,87.43,88.19,22526563
08-01-2018,88.2,88.58,87.6046,88.28,20293930,0,1,88.2,88.58,87.6046,88.28,20293930
09-01-2018,88.65,88.7272,87.86,88.22,19390427,0,1,88.65,88.7272,87.86,88.22,19390427
10-01-2018,87.86,88.19,87.41,87.82,18129153,0,1,87.86,88.19,87.41,87.82,18129153
11-01-2018,88.13,88.13,87.24,88.08,16529868,0,1,88.13,88.13,87.24,88.08,16529868
12-01-2018,88.67,89.78,88.45,89.58,24000439,0,1,88.67,89.78,88.45,89.58,24000439
16-01-2018,90.1,90.79,88.0104,88.35,35945428,0,1,90.1,90.79,88.0104,88.35,35945428
17-01-2018,89.08,90.28,88.75,90.14,24659472,0,1,89.08,90.28,88.75,90.14,24659472
18-01-2018,89.8,90.67,89.66,90.1,22931303,0,1,89.8,90.67,89.66,90.1,22931303
19-01-2018,90.14,90.61,89.66,90,34896964,0,1,90.14,90.61,89.66,90,34896964
22-01-2018,90,91.62,89.74,91.61,23190700,0,1,90,91.62,89.74,91.61,23190700
23-01-2018,91.9,92.3,91.54,91.9,22283365,0,1,91.9,92.3,91.54,91.9,22283365
24-01-2018,92.55,93.43,91.58,91.82,32107765,0,1,92.55,93.43,91.58,91.82,32107765
25-01-2018,92.465,93.24,91.93,92.33,23983094,0,1,92.465,93.24,91.93,92.33,23983094
26-01-2018,93.12,94.06,92.58,94.06,26348999,0,1,93.12,94.06,92.58,94.06,26348999
29-01-2018,95.14,95.45,93.72,93.92,30409620,0,1,95.14,95.45,93.72,93.92,30409620
30-01-2018,93.3,93.66,92.1,92.74,34153798,0,1,93.3,93.66,92.1,92.74,34153798
31-01-2018,93.75,95.4,93.51,95.01,44284284,0,1,93.75,95.4,93.51,95.01,44284284
01-02-2018,94.79,96.07,93.5813,94.26,46645657,0,1,94.79,96.07,93.5813,94.26,46645657
02-02-2018,93.64,93.97,91.5,91.78,47076959,0,1,93.64,93.97,91.5,91.78,47076959
05-02-2018,90.56,93.24,88.08,89.05,42253469,0,1,90.56,93.24,88.08,89.05,42253469
06-02-2018,86.89,91.475,85.25,91.33,66157030,0,1,86.89,91.475,85.25,91.33,66157030
07-02-2018,90.49,91.77,89.2,89.61,40340551,0,1,90.49,91.77,89.2,89.61,40340551
08-02-2018,89.71,89.875,84.76,84.89,47485202,0,1,89.71,89.875,84.76,84.89,47485202
09-02-2018,86.3,88.93,83.83,88.1,57408480,0,1,86.3,88.93,83.83,88.1,57408480
12-02-2018,88.735,89.78,87.9295,89.13,35501368,0,1,88.735,89.78,87.9295,89.13,35501368
13-02-2018,88.93,90,87.8,89.83,26200053,0,1,88.93,90,87.8,89.83,26200053
14-02-2018,88.51,90.99,88.41,90.81,34314101,0,1,88.51,90.99,88.41,90.81,34314101
15-02-2018,91.21,92.72,90.62,92.66,27407914,0,1,91.21,92.72,90.62,92.66,27407914
16-02-2018,92.45,93.5,91.8,92,30188535,0,1,92.45,93.5,91.8,92,30188535
20-02-2018,91.475,93.06,91.01,92.72,30107057,0,1,91.475,93.06,91.01,92.72,30107057
21-02-2018,92.98,93.3595,91.49,91.49,26081953,0,1,92.98,93.3595,91.49,91.49,26081953
22-02-2018,92.05,92.73,91.36,91.74,22723756,0,1,92.05,92.73,91.36,91.74,22723756
23-02-2018,92.75,94.07,92.36,94.06,25779955,0,1,92.75,94.07,92.36,94.06,25779955
26-02-2018,94.4,95.45,94.25,95.42,29760276,0,1,94.4,95.45,94.25,95.42,29760276
27-02-2018,95.74,95.84,94.2,94.2,25540755,0,1,95.74,95.84,94.2,94.2,25540755
28-02-2018,94.84,95.705,93.63,93.77,29314525,0,1,94.84,95.705,93.63,93.77,29314525
01-03-2018,93.99,94.57,91.84,92.85,37135561,0,1,93.99,94.57,91.84,92.85,37135561
02-03-2018,91.58,93.15,90.86,93.05,32830389,0,1,91.58,93.15,90.86,93.05,32830389
05-03-2018,92.34,94.27,92.26,93.64,23901578,0,1,92.34,94.27,92.26,93.64,23901578
06-03-2018,94.34,94.49,92.941,93.32,22175776,0,1,94.34,94.49,92.941,93.32,22175776
07-03-2018,93.16,93.9406,92.43,93.86,26716127,0,1,93.16,93.9406,92.43,93.86,26716127
08-03-2018,94.27,95.1,93.765,94.43,24861307,0,1,94.27,95.1,93.765,94.43,24861307
09-03-2018,95.29,96.54,95,96.54,36145524,0,1,95.29,96.54,95,96.54,36145524
12-03-2018,96.5,97.21,96.04,96.77,25333720,0,1,96.5,97.21,96.04,96.77,25333720
13-03-2018,97,97.24,93.97,94.41,34445391,0,1,97,97.24,93.97,94.41,34445391
14-03-2018,95.12,95.41,93.5,93.85,31576898,0,1,95.12,95.41,93.5,93.85,31576898
15-03-2018,93.53,94.58,92.83,94.18,26279014,0,1,93.53,94.58,92.83,94.18,26279014
16-03-2018,94.68,95.38,93.92,94.6,47329521,0,1,94.68,95.38,93.92,94.6,47329521
19-03-2018,93.74,93.9,92.11,92.89,31752589,0,1,93.74,93.9,92.11,92.89,31752589
20-03-2018,93.05,93.77,93,93.13,21787780,0,1,93.05,93.77,93,93.13,21787780
21-03-2018,92.93,94.05,92.21,92.48,23753263,0,1,92.93,94.05,92.21,92.48,23753263
22-03-2018,91.265,91.75,89.66,89.79,37578166,0,1,91.265,91.75,89.66,89.79,37578166
23-03-2018,89.5,90.46,87.08,87.18,42159397,0,1,89.5,90.46,87.08,87.18,42159397
26-03-2018,90.61,94,90.4,93.78,55031149,0,1,90.61,94,90.4,93.78,55031149
27-03-2018,94.94,95.139,88.51,89.47,53704562,0,1,94.94,95.139,88.51,89.47,53704562
